frame_number,car_id,car_bbox,license_plate_bbox,license_plate_bbox_score,license_number,license_number_score
5,2.0,[127.51483316747735 169.95403295087192 602.8963506944124 624.9534178659851],[303.13372802734375 482.2164001464844 387.83154296875 536.4130859375],0.7891232967376709,०AD,0.3339140691468934
6,2.0,[129.66276292648627 169.4870299749235 606.7216461138056 625.4922951902834],[305.2142333984375 480.591064453125 385.9836730957031 536.9177856445312],0.7879400849342346,[AD,0.08865696087271907
7,2.0,[128.4635138682078 169.51655272552458 603.3439035672706 625.2611863804958],[304.0133972167969 481.24591064453125 386.8576354980469 537.3721313476562],0.8158584237098694,BAD,0.633599802904768
8,2.0,[128.78558163805099 169.3310891257185 602.4992603653209 625.2295961319537],[302.64990234375 480.9215087890625 388.8245544433594 536.98486328125],0.8022906184196472,8:D,0.177956280100829
